content_id,title,genre,content_type,release_year,duration_minutes,language,rating,studio
C0000001,Streamlined incremental budgetary management,Documentary,talk_show,2019,117,Hindi,TV-MA,Starlight Productions
C0000002,Devolved 6thgeneration alliance,Mystery,movie,1993,97,Italian,TV-Y7,Nebula Studios
C0000003,Innovative modular budgetary management,War,reality_show,2008,139,Japanese,TV-Y,Luna Films
C0000004,Cross-platform disintermediate monitoring,Mystery,documentary,2012,41,Hindi,TV-14,Pixel Forge
C0000005,Devolved human-resource knowledgebase,Thriller,short_film,1992,99,French,G,Nova Studios
C0000006,Multi-layered static synergy,Action,short_film,2009,141,Italian,TV-Y7,Blue Frame
C0000007,Total needs-based instruction set,Family,talk_show,1995,146,French,G,Pixel Forge
C0000008,Reverse-engineered value-added superstructure,Documentary,talk_show,2024,76,Russian,TV-PG,Nova Studios
C0000009,Distributed intangible projection,War,short_film,1988,51,Portuguese,TV-Y,Cosmic Pictures
C0000010,Cross-platform mobile pricing structure,Musical,reality_show,2015,133,Portuguese,PG-13,Luna Films
C0000011,Open-source even-keeled alliance,Thriller,game_show,2020,86,Koxrean,TV-Y,Luna Films
C0000012,Team-oriented holistic data-warehouse,War,short_film,1984,90,Koxrean,R,Vision Works
C0000013,Organic leadingedge encoding,Action,reality_show,1988,101,French,R,Starlight Productions
C0000014,Multi-lateral bandwidth-monitored software,Action,documentary,2006,74,Italian,TV-14,Cosmic Pictures
C0000015,Multi-layered needs-based project,Comedy,game_show,1993,126,Italian,TV-G,Nebula Studios
C0000016,Multi-channeled analyzing infrastructure,Family,movie,2010,167,English,TV-14,Vision Works
C0000017,Grass-roots content-based capability,Thriller,talk_show,2011,127,Japanese,TV-MA,Starlight Productions
C0000018,Persevering background protocol,Family,game_show,2001,27,Italian,PG-13,Luna Films
C0000019,Extended secondary productivity,Drama,documentary,2005,179,Hindi,TV-Y7,Nova Studios
C0000020,Right-sized 3rdgeneration application,Horror,series,2009,47,French,G,Vision Works
C0000021,Managed dynamic capacity,Romance,talk_show,2009,103,German,TV-14,Starlight Productions
C0000022,Re-contextualized demand-driven architecture,Fantasy,animation,1985,127,Portuguese,G,Cosmic Pictures
C0000023,Virtual neutral database,Thriller,movie,2021,109,Spanish,G,Nova Studios
C0000024,Reverse-engineered didactic emulation,Drama,short_film,2019,71,French,R,Sunset Media
C0000025,Managed zero-defect circuit,Romance,game_show,2009,49,Koxrean,TV-14,Sunset Media
C0000026,Right-sized 24hour focus group,Mystery,series,1986,30,Hindi,G,Vision Works
C0000027,Digitized clear-thinking moratorium,Romance,talk_show,1984,121,Hindi,R,Pixel Forge
C0000028,Function-based context-sensitive budgetary management,Sci-Fi,animation,2016,173,English,TV-14,Cosmic Pictures
C0000029,Switchable 4thgeneration capacity,Action,talk_show,2012,114,German,G,Starlight Productions
C0000030,Advanced heuristic utilization,Musical,game_show,2003,47,Portuguese,PG-13,Starlight Productions
C0000031,Front-line optimizing Graphic Interface,Fantasy,documentary,2019,153,Russian,TV-PG,Luna Films
C0000032,Ameliorated context-sensitive firmware,Fantasy,talk_show,2000,171,Japanese,PG,Vision Works
C0000033,Business-focused clear-thinking support,War,game_show,2016,82,Hindi,TV-G,Echo Entertainment
C0000034,Operative multi-tasking budgetary management,Adventure,movie,1991,146,Portuguese,R,Echo Entertainment
C0000035,User-friendly asymmetric leverage,Fantasy,animation,2018,107,Koxrean,TV-Y,Nova Studios
C0000036,Organized zero-defect hierarchy,Thriller,short_film,2006,41,Portuguese,TV-Y,Blue Frame
C0000037,Profound optimizing benchmark,War,game_show,1981,145,Spanish,TV-MA,Blue Frame
C0000038,Organized motivating definition,Mystery,talk_show,2022,82,Hindi,TV-14,Luna Films
C0000039,Seamless 6thgeneration superstructure,Adventure,reality_show,2002,128,Portuguese,TV-MA,Vision Works
C0000040,Switchable multi-state framework,Sci-Fi,animation,1992,79,German,PG,Cosmic Pictures
C0000041,Persevering secondary algorithm,Romance,documentary,2010,69,Koxrean,TV-Y7,Cosmic Pictures
C0000042,Centralized mission-critical initiative,Romance,animation,1998,45,Japanese,TV-14,Sunset Media
C0000043,Optimized systemic benchmark,Horror,animation,1997,23,English,G,Cosmic Pictures
C0000044,Pre-emptive transitional intranet,Western,animation,1986,52,English,TV-Y7,Vision Works
C0000045,Compatible attitude-oriented Graphic Interface,War,game_show,2001,142,French,G,Vision Works
C0000046,Robust client-server architecture,Action,game_show,2005,49,Portuguese,PG,Nebula Studios
C0000047,De-engineered even-keeled process improvement,Horror,movie,2016,58,Koxrean,PG,Blue Frame
C0000048,Sharable optimal neural-net,Musical,series,2018,55,Hindi,TV-Y7,Blue Frame
C0000049,Universal fresh-thinking implementation,War,talk_show,1999,135,Hindi,TV-G,Vision Works
C0000050,Right-sized multi-tasking frame,Sci-Fi,movie,1993,176,Japanese,TV-MA,Pixel Forge
C0000051,Persevering motivating portal,Documentary,documentary,2015,81,Spanish,PG-13,Nova Studios
C0000052,Optional bandwidth-monitored utilization,Western,talk_show,1998,135,English,R,Vision Works
C0000053,Total bifurcated projection,Action,animation,2023,136,Japanese,TV-MA,Nebula Studios
C0000054,Streamlined zero administration neural-net,Sci-Fi,short_film,2014,128,Japanese,PG-13,Vision Works
C0000055,Up-sized didactic Internet solution,Comedy,documentary,1990,38,Koxrean,TV-Y7,Nebula Studios
C0000056,Organized discrete installation,Sci-Fi,animation,2009,132,Koxrean,TV-G,Vision Works
C0000057,Mandatory logistical initiative,Action,game_show,2018,132,English,TV-G,Echo Entertainment
C0000058,Operative upward-trending attitude,Action,animation,1994,26,Hindi,TV-Y7,Nova Studios
C0000059,Intuitive interactive functionalities,Comedy,animation,1991,167,Portuguese,TV-Y,Luna Films
C0000060,Synchronized eco-centric hub,Musical,animation,2020,66,Portuguese,PG,Luna Films
C0000061,Distributed systemic leverage,Adventure,reality_show,2000,124,Spanish,PG-13,Echo Entertainment
C0000062,Cloned background artificial intelligence,Mystery,talk_show,2022,146,Italian,TV-Y,Nova Studios
C0000063,Cross-group intermediate attitude,Adventure,game_show,1996,42,German,PG,Starlight Productions
C0000064,User-friendly user-facing hub,War,movie,2006,158,English,R,Cosmic Pictures
C0000065,De-engineered next generation approach,Western,reality_show,2020,179,Portuguese,G,Blue Frame
C0000066,Reverse-engineered next generation open architecture,Horror,animation,1998,160,Portuguese,TV-PG,Pixel Forge
C0000067,Managed static capability,Thriller,movie,2025,175,French,TV-MA,Cosmic Pictures
C0000068,Open-source heuristic secured line,Musical,movie,1985,161,Japanese,PG,Luna Films
C0000069,Versatile interactive success,Western,series,2025,29,Koxrean,TV-Y,Vision Works
C0000070,Business-focused executive policy,Western,talk_show,1995,143,Portuguese,TV-Y,Sunset Media
C0000071,Integrated heuristic benchmark,Horror,talk_show,1984,68,Koxrean,TV-G,Echo Entertainment
C0000072,Re-engineered motivating data-warehouse,Mystery,animation,1999,20,Hindi,TV-Y7,Luna Films
C0000073,Distributed stable matrices,Western,documentary,2002,134,German,TV-Y,Cosmic Pictures
C0000074,Face-to-face bi-directional hardware,Adventure,talk_show,1992,136,Japanese,TV-Y7,Starlight Productions
C0000075,Realigned holistic budgetary management,Comedy,short_film,2000,125,Portuguese,TV-G,Starlight Productions
C0000076,Virtual even-keeled orchestration,Comedy,documentary,1988,146,Russian,TV-Y7,Echo Entertainment
C0000077,Face-to-face interactive open architecture,Sci-Fi,series,2013,48,Portuguese,G,Sunset Media
C0000078,Visionary regional pricing structure,Action,talk_show,2010,59,Koxrean,TV-14,Nebula Studios
C0000079,Synergistic secondary open architecture,Adventure,talk_show,2023,40,Russian,TV-G,Echo Entertainment
C0000080,Assimilated real-time protocol,Comedy,game_show,2019,158,Spanish,R,Vision Works
C0000081,Team-oriented encompassing algorithm,Musical,short_film,1986,43,Spanish,TV-PG,Sunset Media
C0000082,Enterprise-wide encompassing standardization,Comedy,animation,2000,27,English,TV-MA,Echo Entertainment
C0000083,Virtual fault-tolerant Graphical User Interface,Horror,reality_show,1995,130,Russian,TV-G,Nebula Studios
C0000084,Monitored 24hour contingency,Documentary,documentary,1985,63,Hindi,TV-G,Nebula Studios
C0000085,Digitized non-volatile protocol,Horror,short_film,1994,147,Portuguese,TV-MA,Luna Films
C0000086,Open-architected asymmetric circuit,War,animation,1998,22,Russian,PG-13,Pixel Forge
C0000087,User-centric scalable algorithm,Mystery,game_show,2020,108,Italian,TV-MA,Luna Films
C0000088,Cross-group value-added moderator,Family,animation,2010,70,Spanish,R,Starlight Productions
C0000089,Extended homogeneous instruction set,Mystery,reality_show,2024,167,Koxrean,G,Starlight Productions
C0000090,Persevering global complexity,Comedy,animation,2018,22,Portuguese,TV-MA,Blue Frame
C0000091,Multi-layered fault-tolerant success,Romance,reality_show,2019,76,Koxrean,PG-13,Pixel Forge
C0000092,Inverse zero-defect open system,War,movie,1982,99,Hindi,TV-14,Sunset Media
C0000093,Right-sized attitude-oriented application,Adventure,series,2006,38,French,R,Sunset Media
C0000094,Distributed cohesive system engine,Fantasy,reality_show,1990,155,Koxrean,TV-PG,Vision Works
C0000095,Secured actuating service-desk,War,reality_show,1984,49,French,R,Starlight Productions
C0000096,Configurable encompassing intranet,Family,reality_show,1980,43,Koxrean,TV-Y,Pixel Forge
C0000097,Switchable interactive matrix,Fantasy,game_show,2017,114,Italian,TV-14,Pixel Forge
C0000098,Robust leadingedge instruction set,Drama,short_film,2019,140,Russian,TV-14,Nebula Studios
C0000099,Future-proofed didactic system engine,War,short_film,2024,36,Koxrean,TV-G,Pixel Forge
C0000100,Profound bifurcated hardware,Comedy,documentary,1999,31,Portuguese,PG,Pixel Forge
