event_id,user_id,content_id,watch_timestamp,device,watch_time_minutes,completion_percentage,is_finished,region
f485d2da-4b43-4c86-82af-c889b63baeca,U0000018,C0000050,2026-07-18 11:42:47,Wii,138,24.25,False,Costa Rica
93534524-7130-42dc-8baa-e12300113230,U0000054,C0000084,2024-07-21 15:39:26,desktop,40,74.48,False,USA
8851aae8-0deb-4535-9eea-3de197ef8f87,U0000057,C0000057,2025-04-28 11:06:43,frige,56,69.34,False,Nicaragua
f2bb4550-28e8-4f50-835a-70d469061ace,U0000046,C0000008,2026-03-26 08:12:07,nintendo 3ds,166,90.27,True,Canada
848944e4-1630-46c1-a4c0-a4db699cc133,U0000082,C0000077,2024-02-13 01:50:21,laptop,165,66.61,False,Argentina
6b162683-e129-45b0-8b08-af292a481147,U0000009,C0000098,2027-02-09 06:37:13,laptop,53,78.91,False,Ecuador
f394a3c0-06aa-46d7-bbc4-bd47e9835abc,U0000077,C0000001,2025-07-21 04:08:34,desktop,202,77.66,False,Brazil
d66c4804-977b-4471-90b1-282b5f0fd10c,U0000004,C0000017,2024-01-31 11:50:50,laptop,222,11.88,False,Costa Rica
81413e73-4639-418d-a049-4cf78f09f697,U0000034,C0000007,2024-09-16 23:26:33,smart_tv,45,33.05,False,Canada
9420bf39-55c3-4f08-9560-178c5234abb8,U0000047,C0000066,2027-04-30 03:28:32,laptop,200,48.15,False,Panama
36a7cc72-e59c-4bd3-9545-be0bee028b4f,U0000085,C0000067,2025-09-09 14:41:01,mobile,201,5.29,False,Paraguay
26a4b5a1-753b-4c17-8ce6-0d603dc3ba1e,U0000088,C0000014,2026-10-01 22:58:28,smart_tv,110,84.88,False,Canada
0151b875-e622-4dd2-b757-061c543e8e11,U0000009,C0000017,2025-07-17 19:40:37,frige,38,32.89,False,Cuba
7fa76ad3-0a91-441b-9bfa-bdd68d2ec39b,U0000038,C0000059,2026-11-01 19:27:06,smart_tv,136,99.47,True,Nicaragua
2962f2eb-9bc0-470f-891b-a0f08a8fe6a2,U0000056,C0000058,2028-12-23 07:26:21,nintendo 3ds,56,72.36,False,Cuba
b7b01ab6-dd3c-41bc-84f5-76c65f50aa66,U0000041,C0000055,2025-10-02 21:16:23,tablet,25,42.18,False,Paraguay
e5d5f0b6-57df-4c44-b3d4-879bd44db519,U0000011,C0000012,2026-06-03 03:47:47,frige,213,7.65,False,Argentina
81a96afe-c1a2-4b41-a426-98061caa07b1,U0000072,C0000072,2025-11-06 21:07:26,frige,151,56.08,False,Bolivia
6bfad550-ec3d-40c1-86f8-ceb873fa051f,U0000007,C0000037,2027-05-14 09:22:06,laptop,185,86.94,False,Argentina
708bd779-09b2-473b-88ec-b7dba99cbc58,U0000014,C0000045,2028-09-27 17:23:07,desktop,58,66.02,False,Costa Rica
3d3660ee-fb3a-4761-af0e-dab99dd3e430,U0000072,C0000099,2028-08-03 19:39:43,mobile,110,23.39,False,Panama
914ad2cd-a476-4537-9f88-314a899df567,U0000089,C0000035,2024-02-29 05:17:44,desktop,213,92.98,True,Ecuador
1d45076d-13be-418c-a3d5-8ad2e0094721,U0000019,C0000073,2027-09-08 12:04:09,mobile,47,35.75,False,Canada
1dbcf4ee-b711-4de2-9281-09ea30b92144,U0000049,C0000054,2026-07-18 10:10:23,desktop,56,74.87,False,Ecuador
c5af49d5-06d8-4fc3-9d94-988934e159fc,U0000077,C0000011,2028-12-14 01:09:10,mobile,146,77.91,False,Canada
13afc6d5-d235-4b9c-a537-98a80912abcc,U0000055,C0000063,2027-05-28 14:26:17,laptop,170,27.94,False,El Salvador
904d9678-113f-42d2-9f77-11a29a957e10,U0000015,C0000037,2027-10-20 21:37:31,desktop,111,12.27,False,USA
24836034-3f04-4307-bb98-1bb65eaa22cd,U0000008,C0000001,2025-02-22 09:13:49,tablet,154,22.83,False,Peru
de622b9a-6336-45a9-8e8b-3c488417483a,U0000001,C0000064,2028-03-09 13:11:08,Wii,31,29.66,False,Nicaragua
ba0190d5-724a-4b0b-8595-893094a37e46,U0000072,C0000086,2028-07-09 11:04:25,mobile,129,70.66,False,Bolivia
3be0dff6-e70a-4a50-9210-f475173b1af6,U0000010,C0000041,2027-03-25 13:36:25,Wii,236,2.86,False,Venezuela
78aa174c-8bf1-4e6f-9314-254b17d6919e,U0000042,C0000022,2028-06-29 19:29:53,frige,6,12.4,False,Canada
b50beffb-73c4-4d07-be16-6ba1bae64da0,U0000032,C0000056,2027-04-21 12:33:05,Wii,28,44.23,False,Venezuela
e6cfee14-a48c-4550-a9e5-8a79f034ed58,U0000043,C0000100,2024-12-10 02:32:40,smart_tv,57,74.83,False,El Salvador
5c81ad2b-f6fc-4d47-b11f-4276e1790b71,U0000100,C0000045,2025-12-20 23:52:41,tablet,232,51.49,False,Chile
06d59628-66ea-43fa-a9c9-366ed8d47f23,U0000026,C0000023,2027-05-18 04:48:48,smart_tv,66,11.18,False,Brazil
4c5273ca-07c8-47c6-b646-daad05cf7a01,U0000064,C0000060,2028-03-25 18:48:37,nintendo 3ds,161,95.18,True,Costa Rica
b92880d2-54a8-4dcf-bc8f-7d50f719e5cc,U0000042,C0000081,2025-10-09 04:28:04,nintendo 3ds,160,64.66,False,Honduras
57a52d59-353a-47cf-b41e-bf2acc1ff5f1,U0000036,C0000076,2024-04-25 11:32:04,desktop,204,63.51,False,Honduras
4db0d0c2-785e-4000-82fa-79a9fd09d84d,U0000048,C0000037,2024-06-06 20:55:54,smart_tv,15,45.74,False,Panama
52b32b35-e176-4617-94e4-415fde872ba6,U0000060,C0000075,2027-02-09 23:57:02,nintendo 3ds,99,59.81,False,Costa Rica
d6ec1fd9-fa44-4aae-9ee1-7bc8c2c5f95c,U0000078,C0000061,2026-10-23 04:03:28,smart_tv,83,65.53,False,Ecuador
78e466e2-644b-4338-9392-f46a5b6b460e,U0000065,C0000083,2024-12-19 01:15:45,nintendo 3ds,22,98.26,True,Honduras
a7657060-869e-4fd5-ae40-1bbab9647f10,U0000021,C0000047,2026-02-02 09:24:26,frige,157,52.88,False,Panama
f2798ed0-6188-4191-9130-ae360a3a93fc,U0000083,C0000043,2024-05-14 10:06:35,Wii,162,6.18,False,Venezuela
56c19ef0-5caa-4792-9265-83dea05ecf79,U0000085,C0000078,2028-11-23 04:21:05,tablet,219,25.95,False,Guatemala
97c2a61d-375a-431c-9729-63d5662add88,U0000090,C0000085,2026-03-13 04:38:45,smart_tv,168,31.71,False,Venezuela
80029d8a-2337-4e1d-b347-1f3ecb90fd27,U0000043,C0000017,2027-10-04 22:53:47,smart_tv,165,56.33,False,Bolivia
99f74c0a-49aa-4064-8489-cdc2104fbb77,U0000047,C0000040,2025-01-04 06:21:49,nintendo 3ds,5,51.34,False,Colombia
c616eacb-9228-438a-8d44-65f6605541a8,U0000020,C0000010,2025-08-28 03:32:49,mobile,36,23.43,False,Ecuador
4f1e490b-6aa2-4b01-82d2-73f20b921458,U0000017,C0000077,2026-02-10 04:10:11,tablet,159,87.76,False,Honduras
ee8e1fa8-7eaf-4c14-8c4d-492f779f4981,U0000087,C0000093,2025-05-01 14:39:18,nintendo 3ds,94,5.33,False,Chile
c37bf138-261b-412b-84f8-4096371c6437,U0000061,C0000025,2026-01-23 21:36:28,nintendo 3ds,80,53.87,False,Venezuela
ee47d507-a3ac-4a49-9a7f-0e5998f7580a,U0000068,C0000054,2024-11-27 06:51:38,tablet,129,78.03,False,Peru
4cd6daa1-9784-4c1f-8e90-83b0650be566,U0000048,C0000071,2024-07-29 22:54:33,smart_tv,124,6.17,False,Venezuela
e4da2823-b402-4f1e-b307-914471d2aafa,U0000035,C0000058,2026-11-17 04:53:27,smart_tv,42,9.3,False,Chile
e93df9ea-a223-4043-9dcb-8ec2bb9821b9,U0000045,C0000004,2026-04-29 01:25:32,frige,227,81.85,False,Chile
22410ab2-32f5-4155-8a29-83c8f507ae55,U0000048,C0000029,2024-02-27 10:59:06,frige,21,39.23,False,Argentina
aca0a7cb-1c57-4af3-9af3-377d7f517030,U0000061,C0000090,2028-08-29 04:48:45,nintendo 3ds,74,14.62,False,Honduras
a1c3827b-c6d6-423c-b318-bee9a3001b1d,U0000011,C0000003,2025-06-08 06:53:09,Wii,232,61.92,False,Spain
733dde8f-2929-4e91-996a-0c86a775eabf,U0000039,C0000016,2024-04-07 07:26:40,nintendo 3ds,61,77.84,False,Canada
05caf78e-8786-4efb-83c4-dbf6bdf4e022,U0000064,C0000077,2027-01-02 00:40:32,laptop,232,11.97,False,Argentina
a8f141f4-c04b-4f79-a26d-658cce5e00b9,U0000079,C0000046,2025-05-07 18:26:11,smart_tv,1,29.84,False,El Salvador
21d75885-331a-47ce-b547-2cd382221722,U0000068,C0000070,2026-11-05 16:35:01,Wii,18,97.49,True,Paraguay
ad1407f1-46da-44c8-b769-ae00f22eeed1,U0000048,C0000033,2028-03-10 00:22:50,smart_tv,100,5.31,False,Guatemala
b78118c5-486a-4081-b9cd-04277903f8d1,U0000081,C0000014,2028-04-29 18:47:48,frige,169,24.87,False,Argentina
be5f0a64-4ff1-4422-a5e8-1bd3134530b0,U0000044,C0000083,2024-12-24 21:29:44,nintendo 3ds,140,5.39,False,Brazil
0916fb2f-c3e2-47f1-a6b4-69c73bd84b42,U0000092,C0000100,2026-07-26 01:18:12,mobile,17,81.34,False,Colombia
1ba6e0fb-815a-46ef-8607-5a492bd68f38,U0000040,C0000066,2026-03-26 17:30:16,mobile,81,88.69,False,Colombia
231d1644-d7eb-4f3e-a41e-f9d896adac5c,U0000100,C0000007,2028-11-08 20:21:17,smart_tv,221,29.32,False,Guatemala
96017939-2969-4023-aeb3-906e45275699,U0000096,C0000057,2026-03-02 10:11:31,nintendo 3ds,103,44.26,False,Guatemala
faa3b2f7-7be6-433e-82ab-41e611330349,U0000035,C0000011,2028-01-29 13:05:27,tablet,133,92.51,True,Nicaragua
37a67bc2-6059-4d91-91df-3fe54d5f74c1,U0000011,C0000042,2027-09-15 09:19:28,Wii,27,30.08,False,Brazil
8d4b5016-9cd4-4bba-a6c4-d02e4b3321a7,U0000058,C0000006,2028-01-28 11:39:27,desktop,90,69.29,False,USA
2fe70621-b3a5-42bc-bef4-02b883e51a65,U0000052,C0000047,2026-11-16 23:43:10,mobile,164,8.43,False,Argentina
6468a274-8a1a-4cb6-9af6-538d0293ed6c,U0000057,C0000005,2024-09-15 02:15:49,frige,174,85.02,False,Guatemala
e56066fb-20ba-4caa-a542-b290465cfd3d,U0000005,C0000078,2024-11-10 21:28:23,frige,146,38.9,False,Honduras
4927adf8-6c3a-4be2-835b-0c9d74641d80,U0000018,C0000068,2026-01-21 12:20:41,desktop,147,76.55,False,Chile
f24bb404-bb70-47c8-932c-4f1321bc5368,U0000095,C0000024,2026-10-19 16:24:58,smart_tv,7,96.09,True,Peru
2b488bd5-34c2-4314-850b-8eb4b08b8640,U0000058,C0000028,2027-06-07 09:44:58,nintendo 3ds,181,77.72,False,Colombia
a85803a9-29de-4313-a09b-6762f773ab4b,U0000010,C0000058,2024-12-19 22:28:05,frige,219,13.14,False,Guatemala
1238b4c7-e11a-44f0-a4c4-6b5db753138a,U0000070,C0000038,2028-12-30 09:54:10,tablet,141,71.24,False,Guatemala
15e71b37-6806-4a24-985a-b1965bf410c9,U0000026,C0000018,2025-04-29 15:01:23,frige,32,51.37,False,Honduras
e0e59fd2-58cd-453e-aebb-3ffd97bb69ba,U0000017,C0000079,2028-12-15 02:04:19,Wii,142,80.56,False,Paraguay
6f7be838-d3bd-4a06-893a-bd3dc9f4b9a8,U0000053,C0000074,2024-05-31 04:20:41,smart_tv,197,53.04,False,Honduras
fd6b2c53-f6ce-4f78-bdc9-865cd7862141,U0000045,C0000017,2028-12-03 17:40:37,tablet,133,47.12,False,Argentina
20fcb4d9-246a-42f1-a736-1200716e4a46,U0000008,C0000016,2026-11-27 04:19:10,tablet,234,43.83,False,Ecuador
70689100-41b0-46ae-99ba-c4e289de89e7,U0000045,C0000067,2025-08-04 02:16:12,desktop,58,93.54,True,Argentina
43cee3d0-9310-43d4-bc29-738b263961ae,U0000069,C0000012,2026-10-26 20:10:37,tablet,158,62.88,False,Brazil
b330094f-3bd3-4785-a1ca-8b557feb27d2,U0000078,C0000044,2028-09-21 18:02:52,mobile,185,66.21,False,Canada
d9173166-4e46-44ca-a1bc-b48b9e0b9ef1,U0000099,C0000074,2025-06-26 20:13:49,Wii,165,5.5,False,Panama
f6a45de9-2a34-46e7-99c7-1bdc990edcfa,U0000081,C0000070,2025-08-16 20:19:30,laptop,128,64.26,False,Cuba
e5a18479-80ab-4746-b473-a1d96d130670,U0000089,C0000008,2024-11-19 14:26:30,nintendo 3ds,19,30.45,False,Colombia
dc188ad9-c80d-48cb-81bc-80556901ca43,U0000041,C0000092,2025-10-15 23:55:22,Wii,37,34.68,False,Argentina
84d0cf87-25f6-4cbe-9c44-23c253e19c74,U0000072,C0000014,2025-10-15 07:29:07,desktop,132,76.31,False,Honduras
7bdc2b30-51c0-41be-97fe-594cf5314724,U0000007,C0000038,2026-02-25 19:26:15,tablet,25,25.54,False,Ecuador
3d03d196-ab09-47bc-93c2-ca4046a3c8f7,U0000041,C0000025,2028-04-11 05:31:32,nintendo 3ds,185,93.44,True,Paraguay
8fd24c1a-e1d5-4e6a-ab72-b78719008d83,U0000003,C0000012,2026-03-16 16:29:15,laptop,128,88.03,False,Costa Rica
943c10c9-156d-4f0a-a08c-0619cd89ebe9,U0000037,C0000064,2027-05-08 20:43:30,desktop,13,35.94,False,Nicaragua
963eaaa5-58d0-4bf8-a37c-9287be467bc1,U0000056,C0000018,2028-12-12 08:46:23,Wii,28,1.81,False,Guatemala
35ae5691-c04f-497c-b5a6-122fd08a67aa,U0000073,C0000072,2025-02-02 11:35:18,smart_tv,14,5.48,False,Cuba
71496ac7-f144-4014-b4f7-07cb78bf7582,U0000071,C0000036,2028-08-17 19:43:39,smart_tv,196,50.92,False,Argentina
bda693aa-4489-4124-9bf9-cb06385532b0,U0000048,C0000044,2027-02-16 11:48:09,laptop,101,97.53,True,Panama
baaf9542-36b2-4684-8d1e-7f2dc320af74,U0000006,C0000006,2024-03-20 04:45:21,nintendo 3ds,129,51.4,False,El Salvador
dd783505-cd6c-44d4-b27a-0e4e682b87a1,U0000066,C0000018,2025-11-02 19:20:10,Wii,156,46.24,False,Panama
a354b9eb-5627-46ab-a997-6894537c767c,U0000076,C0000044,2026-11-04 16:34:31,desktop,77,74.19,False,Paraguay
5d44f5a9-2359-468e-9110-c13732191a64,U0000043,C0000087,2024-08-12 13:37:19,mobile,95,81.76,False,Panama
3da1b827-c641-4fff-915a-fbf361a88617,U0000100,C0000075,2027-03-28 07:46:03,nintendo 3ds,168,47.98,False,Brazil
beb3b3c4-40fa-4b9e-aed6-c7d9c689d69b,U0000080,C0000100,2028-09-18 12:09:52,laptop,185,52.9,False,USA
af7d267c-2d17-4fbf-9114-17f53fd24faa,U0000015,C0000025,2024-02-08 14:20:26,tablet,180,57.68,False,Bolivia
c4cc6419-706b-44b4-b35a-3b1aa933d636,U0000065,C0000100,2027-06-06 15:55:54,mobile,106,69.36,False,Argentina
c6b1ba1e-6b0f-4996-ad78-ca4692350e86,U0000042,C0000085,2026-09-06 16:24:20,tablet,144,52.35,False,Honduras
713d9be8-1dff-41a4-8efe-41590a1f0c8b,U0000070,C0000046,2027-10-16 23:43:41,desktop,88,91.3,True,Panama
56177446-e1c6-4bb4-b775-27c2c46982ee,U0000036,C0000072,2025-09-03 07:19:49,desktop,64,48.93,False,Colombia
8b595d25-e7b7-468b-a5b4-ec73a757f611,U0000041,C0000062,2025-12-15 17:59:59,desktop,126,69.33,False,Venezuela
871b1258-6ba6-406e-be00-2dfa1bfd7e6f,U0000070,C0000049,2026-03-19 11:49:51,tablet,174,13.07,False,Venezuela
d36b34e4-67e1-4ff0-bc64-d241f3a1820a,U0000011,C0000045,2026-06-24 20:16:47,nintendo 3ds,183,5.16,False,Colombia
ca756310-be2e-4871-9e39-0379264525a1,U0000035,C0000072,2027-11-26 08:08:06,laptop,138,21.0,False,Chile
7a080fcf-5a78-437a-9725-b482cb651c92,U0000068,C0000029,2027-07-30 07:03:06,Wii,232,6.03,False,Ecuador
efae4aff-4e80-4079-8145-a95c54c4cad5,U0000088,C0000099,2024-10-08 00:35:59,tablet,26,72.02,False,Bolivia
9e77c7db-fc3a-4e7f-b8f0-9936ed646edd,U0000061,C0000062,2027-08-25 06:48:18,frige,226,65.64,False,Venezuela
fd44d35a-b3dc-45fc-9a5f-77d1ec4713d3,U0000099,C0000012,2027-08-28 18:14:34,mobile,233,64.94,False,Brazil
b141c205-e975-4485-ac81-7dd7044c4190,U0000023,C0000005,2028-09-08 12:50:31,tablet,215,42.37,False,Venezuela
0923ed97-477d-497c-9b2d-35a9e9710e74,U0000039,C0000073,2027-05-19 03:59:21,desktop,3,87.8,False,Honduras
c4672fca-7b55-4bd2-be56-fa0385d6b12c,U0000068,C0000064,2028-12-26 04:54:32,nintendo 3ds,140,98.92,True,Peru
7c6ec8d8-0b74-4f7d-aeda-a09b016e11c7,U0000043,C0000021,2028-02-06 14:41:16,tablet,29,20.09,False,Mexico
28a44e3f-54df-42a4-ab87-393ce10362bf,U0000038,C0000073,2027-10-13 06:11:39,Wii,203,73.93,False,Bolivia
920770ec-0135-489e-9505-1e7cf7226f6b,U0000052,C0000086,2024-07-14 05:08:30,frige,23,52.01,False,Chile
9ee70c17-d18b-400f-bc4a-02aa77cbfba7,U0000031,C0000058,2028-03-23 08:21:19,mobile,99,1.68,False,Peru
8ff8a951-de48-4d77-a2c5-7432e3100064,U0000031,C0000008,2027-09-29 03:29:19,tablet,178,65.71,False,Cuba
2f52621b-fda5-48c3-a0b1-ae59005891e5,U0000091,C0000099,2025-09-28 22:07:40,desktop,237,68.92,False,Guatemala
399b8702-c676-4971-9c9e-f290d4f0c5af,U0000018,C0000062,2024-11-09 14:47:38,frige,57,61.85,False,Bolivia
6fd2fc27-0ea4-4317-bf30-588bd4c694f8,U0000061,C0000097,2027-01-05 21:52:13,laptop,234,70.49,False,Panama
a465201f-f84c-4359-88c0-52a1ea500de8,U0000068,C0000058,2026-12-17 22:23:04,smart_tv,21,87.44,False,USA
d0925862-5c72-4d97-9712-1dc319ad3f55,U0000065,C0000026,2027-03-18 17:09:10,frige,232,83.05,False,El Salvador
f0262fb6-3e29-499f-a791-7c75772edd40,U0000027,C0000092,2027-04-09 15:05:57,nintendo 3ds,175,44.74,False,USA
b73d1b45-68fc-4b3a-83f9-85ce59f33bb5,U0000054,C0000059,2027-02-28 01:35:29,desktop,132,45.89,False,Mexico
62e85896-5cc7-47b7-9838-47844613bcbb,U0000001,C0000096,2025-03-22 18:04:02,Wii,210,40.2,False,Guatemala
7ee2cfd9-9c3a-43d7-b811-0090bc51cbe0,U0000008,C0000009,2026-08-24 01:18:26,tablet,139,70.34,False,Argentina
be0ed2d7-c031-436f-830c-b7a4ae777657,U0000083,C0000054,2026-02-05 12:28:55,Wii,187,76.82,False,Cuba
f2e7d94a-4af4-4525-aea6-7268bca40722,U0000070,C0000018,2027-08-31 11:07:11,Wii,170,8.94,False,El Salvador
93adaa5b-9f53-4cb1-8352-bc557d2dc2be,U0000001,C0000097,2024-02-16 09:29:43,Wii,58,13.61,False,Nicaragua
d96e859f-ecc5-4366-9a0c-8770f0f84fcb,U0000032,C0000059,2025-12-09 04:17:12,smart_tv,59,38.55,False,USA
54d5d311-0da9-4137-9e91-ac59698f8b0d,U0000079,C0000099,2028-12-14 00:15:13,smart_tv,108,81.14,False,Spain
526bfcb1-31fa-4cb5-88e3-8e6d5577b2a5,U0000077,C0000087,2027-12-11 01:15:47,mobile,115,59.8,False,Cuba
395d0389-f9c6-4521-89a8-3dee9cfeb224,U0000028,C0000097,2028-11-03 01:08:32,desktop,139,44.46,False,Chile
e7973db5-9971-423e-8564-19e129c1be9b,U0000074,C0000041,2027-03-28 19:49:43,frige,188,81.76,False,Chile
f8160480-653d-4965-818e-1167980370f6,U0000085,C0000067,2025-03-28 13:19:17,mobile,37,30.87,False,Nicaragua
0aa5ff83-9f48-497c-8a34-93eabc1e2e17,U0000095,C0000023,2027-07-06 21:27:35,nintendo 3ds,226,94.9,True,USA
f0b5002d-9ba3-478e-9c04-538cebe45fda,U0000086,C0000049,2028-05-28 16:20:44,Wii,165,97.26,True,Bolivia
2e3d9368-f3bb-4dea-bdbf-938edb4adbc3,U0000024,C0000097,2027-01-06 15:15:54,laptop,97,15.77,False,Venezuela
5d248aee-aacb-4383-a245-c85722def5af,U0000060,C0000008,2027-02-25 13:26:35,tablet,37,85.9,False,Cuba
b4c09342-cfff-4baa-81b1-592ecc1ead6d,U0000043,C0000083,2024-06-10 14:54:23,smart_tv,53,25.04,False,Nicaragua
a64d8b6b-bde5-4b2a-9a8d-5020edebaef6,U0000007,C0000035,2026-02-11 21:38:38,mobile,49,72.73,False,Canada
d5ea95ee-75f3-4d8d-876a-072ae810b320,U0000076,C0000093,2027-10-07 17:13:30,laptop,195,19.63,False,Ecuador
24b042bb-9612-49cc-b63a-e144a4c87dc6,U0000002,C0000028,2025-01-24 23:07:47,nintendo 3ds,233,31.02,False,Chile
3f6fe5c6-a4a8-4385-8ce5-290c49aed30b,U0000027,C0000051,2025-05-05 17:20:49,desktop,181,69.87,False,Cuba
30d0b6d6-992a-44c8-b7ff-2bde7fb4edeb,U0000046,C0000040,2025-06-19 11:32:56,nintendo 3ds,167,47.16,False,Honduras
cd610783-c171-4946-b118-998f64987c62,U0000061,C0000098,2028-09-15 10:58:13,frige,185,10.76,False,Ecuador
9b98c9e8-55cf-480c-8a82-1cd508573177,U0000029,C0000095,2024-10-25 00:16:35,Wii,145,41.98,False,Venezuela
a4b96425-d443-4878-af4b-4767a7f7b827,U0000030,C0000049,2027-03-12 07:31:35,frige,85,16.09,False,Peru
4185be30-e801-45f7-a273-5878d1845389,U0000093,C0000083,2028-02-23 15:29:10,frige,126,76.57,False,Brazil
cbf3caa1-4e55-4f39-b9cd-8c35a510e8f4,U0000063,C0000024,2028-12-26 17:41:03,mobile,140,14.86,False,Canada
46fa53ab-4f9f-4ecd-b7aa-c2201e6f4b93,U0000007,C0000098,2024-01-14 13:08:53,laptop,172,94.57,True,Canada
c1f2cba5-0efd-44b9-a2d5-4aae68ef9978,U0000028,C0000065,2026-07-22 11:03:39,nintendo 3ds,3,71.01,False,Paraguay
d9b83df0-cead-4058-90cc-2366716f2510,U0000071,C0000053,2024-01-25 00:33:46,desktop,137,2.56,False,Nicaragua
1624979f-9513-4803-9e00-aa7adc5079c4,U0000065,C0000090,2027-10-12 13:51:58,tablet,5,97.77,True,Spain
6c1d00e3-a9bd-474c-9af3-c4a182d802f3,U0000020,C0000031,2025-01-28 19:33:16,frige,135,91.89,True,Peru
f2a14bf4-fc3f-4f05-bd8a-dc99efae468a,U0000048,C0000052,2026-07-29 18:15:44,laptop,21,79.7,False,Venezuela
73d2a538-4c2e-45aa-bf14-89e6f0944cb2,U0000011,C0000084,2028-10-23 20:48:02,smart_tv,218,68.72,False,Cuba
11bfa58b-f238-4a89-9d08-de9eba6c316d,U0000061,C0000008,2027-07-28 00:44:10,smart_tv,142,38.55,False,Paraguay
9ff74b25-f1b0-43c7-81f8-757e2f4e9133,U0000043,C0000073,2028-10-23 03:57:33,mobile,166,84.69,False,Chile
0387ee62-9d33-4c47-86dd-9e10f51898d0,U0000089,C0000073,2026-08-31 08:02:59,smart_tv,223,21.93,False,Peru
3018be55-5c2a-466c-9b56-d5428e2445fb,U0000085,C0000005,2025-01-02 10:01:13,tablet,145,90.03,True,Cuba
adf32030-023f-470a-a02b-6164119dfe48,U0000021,C0000073,2025-05-07 18:53:54,Wii,77,92.96,True,Nicaragua
fb6c2fd4-f943-4584-a837-b43301a48102,U0000095,C0000018,2028-06-06 22:46:05,frige,194,33.84,False,USA
71778acb-4d55-426e-8b91-94b4ba40d380,U0000010,C0000044,2027-05-24 19:38:25,frige,60,10.67,False,Mexico
4c13efa7-ee0b-4ded-94af-125bd0ffe1e9,U0000058,C0000063,2025-04-12 11:35:24,Wii,201,63.78,False,Brazil
64473914-d3ff-49d1-8943-a8883599fde9,U0000049,C0000011,2028-04-30 19:18:51,laptop,170,68.29,False,Canada
6b32c50b-9b5a-47fe-a1a6-b1d721d63865,U0000049,C0000092,2028-05-24 20:09:47,Wii,40,9.12,False,Ecuador
1744f0e4-2a70-40f6-922d-f2ab94a56eb4,U0000001,C0000040,2026-06-29 11:48:17,smart_tv,24,36.71,False,Argentina
fadba16b-f169-41b1-910b-4b7e73ebe814,U0000058,C0000072,2027-02-10 16:26:06,mobile,111,9.64,False,Canada
23bbfdc2-7f42-48c1-b13b-5f896222edbf,U0000077,C0000077,2028-05-25 10:55:24,mobile,24,36.04,False,Venezuela
add0e5cd-2ffa-4c44-8dd5-3fe606007dee,U0000011,C0000093,2027-02-19 07:36:33,tablet,200,41.97,False,Cuba
70564eaa-5251-40c3-9fdb-88b423d4fde6,U0000039,C0000035,2026-10-06 04:04:10,Wii,69,17.78,False,Peru
86ab264d-2910-4d3b-8206-9338860a7b87,U0000010,C0000047,2025-05-30 07:46:40,nintendo 3ds,124,42.69,False,Panama
504c1a64-a422-4d2c-a9e2-dfead4f97c42,U0000014,C0000018,2025-09-15 00:25:21,Wii,118,62.05,False,Ecuador
eae4b39f-8e6a-4870-beb4-6f777133994c,U0000084,C0000077,2024-10-05 09:20:38,laptop,111,44.58,False,Paraguay
61c1bd5b-99ce-4539-9d28-84264028ee84,U0000041,C0000038,2028-02-14 22:40:31,laptop,102,32.1,False,Ecuador
561009c6-4b13-4c82-8765-ba93519e2efd,U0000051,C0000047,2024-08-21 18:12:37,tablet,210,38.23,False,Nicaragua
55b31952-4f10-469a-98d7-d5d2919547a3,U0000060,C0000091,2025-03-05 14:51:18,smart_tv,187,3.66,False,Bolivia
ce69662a-c9e5-4d45-a6c3-33e02641be1f,U0000082,C0000039,2025-05-10 08:42:09,Wii,36,67.62,False,Cuba
d9b54d20-0610-472c-aa60-84b2a5a5e1cb,U0000062,C0000075,2026-03-31 17:32:59,Wii,154,8.32,False,Nicaragua
9d555b58-c0f7-4254-b0dd-0dcf1d49ccfc,U0000090,C0000069,2027-05-01 20:58:05,smart_tv,93,4.64,False,Chile
c586f0f2-bdb1-446d-aed6-cb1eb87a1548,U0000022,C0000083,2027-06-08 01:36:41,Wii,91,66.1,False,Ecuador
1dc448ce-5eac-43d9-9242-37505dffb61e,U0000014,C0000002,2024-07-20 08:14:32,laptop,111,96.61,True,Honduras
8baa2674-d377-4408-aaf3-d1148aa30b40,U0000099,C0000087,2027-04-20 22:32:09,frige,119,38.04,False,Mexico
c3b66f89-3fba-4a45-bbae-d9ff150db5ea,U0000054,C0000011,2024-08-25 23:09:22,desktop,76,48.79,False,Ecuador
5c95bd05-8b4c-4c0c-ad67-633331158163,U0000067,C0000062,2025-12-14 15:06:28,nintendo 3ds,53,46.08,False,Ecuador
a750e9f2-3ef6-4260-af84-bfbe64dcf948,U0000091,C0000015,2024-02-16 10:41:06,tablet,12,7.65,False,Chile
23a488c1-156e-48c4-acb1-daadedb84aac,U0000021,C0000043,2027-02-20 13:29:14,Wii,142,52.08,False,Brazil
eead83ef-0db6-4111-b89b-9187c8ecd3d8,U0000056,C0000051,2024-02-29 23:39:56,laptop,169,19.45,False,Honduras
f26d7966-a32c-4c10-a808-ec935fe819ae,U0000001,C0000091,2025-03-15 06:17:48,smart_tv,100,59.63,False,Costa Rica
83495d12-a500-4daa-b093-20c289aa7384,U0000069,C0000024,2026-01-19 10:12:29,smart_tv,224,11.07,False,Peru
df0faa4b-6741-4f7e-98cd-b6f9c503df1b,U0000068,C0000082,2025-10-03 19:24:39,Wii,126,67.4,False,Costa Rica
dd6ff348-2709-45a6-a99d-6813e779b4cc,U0000059,C0000080,2024-12-19 21:45:51,desktop,91,12.31,False,Panama
7db5fd3b-9d35-492c-a316-52934db864d9,U0000018,C0000041,2024-08-29 07:19:07,tablet,173,59.43,False,Guatemala
c4455533-7438-421e-81ba-53570efc7ff4,U0000050,C0000054,2027-05-06 04:36:24,Wii,131,69.65,False,Brazil
9951bee0-8a4c-4e60-860c-c340603077e0,U0000089,C0000083,2024-12-20 17:10:31,desktop,138,49.18,False,Argentina
1caa3b53-f513-47ea-809e-8feba245db95,U0000058,C0000080,2024-04-19 11:00:31,tablet,216,19.52,False,Colombia
60fe8bb4-0fd2-4fc9-950f-cfe5c38385ef,U0000065,C0000084,2026-10-10 13:43:31,Wii,144,81.71,False,Honduras
2d4fd0b1-4621-4740-80d3-14d27672f4c1,U0000073,C0000004,2028-06-17 07:18:02,desktop,22,49.38,False,Chile
111f93e4-e173-48ae-9e6b-baf53a67fc6f,U0000100,C0000059,2027-03-04 23:49:49,nintendo 3ds,44,54.22,False,Nicaragua
73c6775f-f1a5-4e90-9c95-87edc4a6d524,U0000015,C0000035,2028-05-06 17:52:23,mobile,147,51.57,False,Honduras
36c3aa0b-4990-47c6-974c-610e907df0a3,U0000014,C0000095,2028-08-26 20:48:15,desktop,109,55.09,False,USA
9a9d340a-e895-4e88-b41c-87a7f45f957a,U0000012,C0000057,2028-11-07 03:49:51,laptop,90,45.52,False,Colombia
be725ec9-18ea-4356-926f-c0cd2a4023f4,U0000089,C0000045,2028-10-29 22:39:40,Wii,151,81.26,False,Brazil
bb2ea829-263a-4385-8875-427ccc4faa12,U0000027,C0000027,2028-07-07 01:36:22,desktop,201,62.0,False,Panama
b1174806-b686-48e0-a187-de3c7d20c8ec,U0000091,C0000038,2025-08-15 18:17:54,smart_tv,83,54.34,False,Argentina
14b34260-3de3-4b2c-a621-c6c655d7ea20,U0000053,C0000008,2025-07-21 20:08:44,tablet,202,96.31,True,Chile
4c11ef49-afa1-4fcf-951d-a1f105a79a4d,U0000032,C0000098,2028-09-23 21:25:31,tablet,83,15.48,False,Costa Rica
ada2bf22-4e5d-4c26-b1c8-57e85a115cb0,U0000054,C0000049,2026-07-14 02:40:50,smart_tv,161,63.61,False,Cuba
00a97f39-4bc9-4d0d-b7d1-c68020290a23,U0000089,C0000048,2026-07-20 15:20:37,mobile,72,52.05,False,Canada
c637352c-7fff-4d69-8987-bb60c9d8f945,U0000082,C0000086,2027-11-29 11:54:04,Wii,118,73.36,False,Colombia
bb99a96c-bf72-4502-acf8-d0a0e53292a3,U0000028,C0000064,2025-07-03 10:53:18,frige,212,96.84,True,Nicaragua
fd1219c8-704a-491e-9130-3023498c143d,U0000063,C0000044,2027-10-29 01:02:06,nintendo 3ds,145,58.22,False,Mexico
ce9da627-4b29-4ecf-8edb-172cd8379163,U0000021,C0000057,2026-07-23 00:27:12,tablet,220,13.3,False,Venezuela
736166e6-f82f-4284-9c49-965e7e5ec107,U0000036,C0000012,2027-09-02 11:16:05,frige,239,16.74,False,Brazil
662d6172-8743-4171-9a13-8da81fbfecc9,U0000040,C0000093,2027-12-03 07:27:41,smart_tv,161,6.13,False,Spain
5dd4761c-cdd9-4783-9ff0-87ba5fcb9db2,U0000010,C0000017,2027-04-30 07:33:43,nintendo 3ds,123,1.11,False,Mexico
760f26bd-d798-4be9-9835-5585da9d1a59,U0000016,C0000055,2027-11-22 04:30:04,laptop,88,1.8,False,Cuba
a90db09b-bb1c-4e7a-9e6b-a8258195459f,U0000014,C0000014,2025-10-03 11:56:19,tablet,207,9.84,False,Cuba
364404c3-7b89-4e07-a333-218b0255bd69,U0000018,C0000083,2027-10-18 04:04:33,mobile,193,77.57,False,Panama
4763d4ac-5313-41f8-b231-ea1c00512e7f,U0000045,C0000093,2025-03-12 20:47:09,Wii,113,65.35,False,Panama
e21c4c48-6bc2-4a1d-bfcf-e123d12b270e,U0000028,C0000012,2024-07-24 04:48:07,Wii,221,68.97,False,Guatemala
193bb3f1-063e-48bd-b73c-87d89435d746,U0000018,C0000032,2025-07-21 20:05:15,desktop,81,96.36,True,Mexico
e738266c-d0b3-4a13-aec7-03e1d242d9d7,U0000039,C0000027,2026-11-26 19:32:12,Wii,169,84.94,False,Venezuela
f467b875-a6b6-417e-9323-856b6ceb27f3,U0000031,C0000064,2026-03-01 03:15:31,smart_tv,201,64.97,False,El Salvador
738301c4-f6fd-4167-8d9e-72c2e9267765,U0000047,C0000041,2024-09-27 12:55:53,Wii,4,88.98,False,Guatemala
b4d7e938-c848-47ba-93d8-98c0276493f0,U0000098,C0000061,2028-04-26 02:01:37,smart_tv,45,55.09,False,Mexico
01422117-399a-42b1-949a-871ca1884449,U0000008,C0000051,2026-11-03 09:40:45,Wii,11,26.96,False,Bolivia
c76b7fa1-8bf7-4d22-9956-5f9eaf7f825e,U0000082,C0000069,2027-01-06 19:09:17,smart_tv,22,70.48,False,Venezuela
b4d30871-1f34-43d8-9af8-954390a05a91,U0000027,C0000020,2027-01-03 10:25:37,smart_tv,236,8.82,False,Venezuela
dcc1fb15-fedb-4289-8911-5d1fc84796a1,U0000031,C0000008,2025-05-15 02:59:27,smart_tv,187,70.17,False,Honduras
55881fb3-4c73-47e6-98ef-52a76ed738e3,U0000040,C0000086,2028-02-27 21:47:11,smart_tv,15,61.62,False,Mexico
58bbbe87-7dee-4f8f-bf5a-49ab8b8b58c3,U0000002,C0000021,2026-10-13 11:33:33,desktop,180,71.08,False,Brazil
12b96cf2-2a71-460d-ae69-8f3ca1f6711d,U0000100,C0000035,2028-02-10 03:49:57,mobile,192,37.82,False,Ecuador
ee945842-6274-44a6-9586-dff4b5d47373,U0000068,C0000009,2025-06-22 22:36:40,smart_tv,70,80.9,False,Paraguay
4a222c6b-f754-469d-a765-e58713fc6957,U0000008,C0000064,2028-10-25 18:10:23,tablet,93,46.06,False,Peru
9ccf5948-314b-4b51-b6a8-03045e986273,U0000074,C0000087,2028-01-20 03:14:47,mobile,229,77.56,False,USA
5e34a00b-0b6c-4bfc-96dd-70d904e5f3a9,U0000032,C0000006,2026-08-24 11:24:58,tablet,4,86.01,False,Brazil
34c710db-ac32-45f6-8bf9-52e8754293ce,U0000005,C0000071,2028-07-02 22:47:41,Wii,220,93.18,True,Chile
2a7625e5-cf87-404a-9046-c83f7b33650f,U0000093,C0000041,2025-07-09 02:36:23,smart_tv,107,32.86,False,El Salvador
c272a74f-3ffc-437b-aa9e-d04388e37d74,U0000023,C0000029,2028-07-05 16:02:25,smart_tv,14,67.66,False,Honduras
404ec611-bf21-4114-9d3f-e250421bdd4b,U0000040,C0000042,2024-06-25 17:29:00,frige,199,86.74,False,Colombia
10214c5b-9f29-4012-8094-8333c689acb8,U0000039,C0000095,2027-06-29 07:29:23,nintendo 3ds,201,29.87,False,Colombia
3fc5857e-f7b3-4e77-8947-645c4b121495,U0000098,C0000032,2024-11-04 00:59:26,mobile,140,73.51,False,Chile
3f59227d-1dcd-4e27-bd5a-c6102d9556b6,U0000089,C0000002,2025-11-17 00:48:42,Wii,163,54.61,False,Venezuela
4777fc3d-d8df-4014-bd11-31e358029dda,U0000031,C0000054,2026-10-04 01:09:45,desktop,136,11.29,False,Canada
839aa8e5-3a6c-4bda-8a3a-2ad8502c0b8d,U0000067,C0000053,2027-12-06 11:29:47,smart_tv,60,5.35,False,Costa Rica
ab9a8db6-d9fa-4d82-9ee9-9ba49b93953a,U0000082,C0000051,2024-06-02 18:36:03,Wii,35,10.46,False,Argentina
6314dd06-ad37-42ec-9cc2-fcc80690a93c,U0000041,C0000051,2027-12-06 23:20:20,nintendo 3ds,67,24.44,False,Peru
a8653526-5803-4f66-9121-abc236e4d471,U0000018,C0000100,2028-04-26 18:06:09,smart_tv,52,24.13,False,Brazil
39e984b9-0474-4acc-a4e1-a1819ba430a5,U0000053,C0000016,2027-01-02 11:49:13,nintendo 3ds,81,45.51,False,Venezuela
bbe58022-257d-47d0-b6f9-e2b2ef08c65e,U0000016,C0000012,2024-11-18 21:19:52,mobile,219,46.87,False,Colombia
c632f1ef-7206-49fd-bebe-32e96fd9ef97,U0000019,C0000012,2027-12-27 07:22:25,mobile,84,83.76,False,Venezuela
6e7131e0-2c0f-4e9f-a993-29392503b21b,U0000004,C0000052,2028-10-16 14:35:47,laptop,45,26.76,False,Spain
2d5c9839-5b1d-4441-8326-ec0cc39bf70a,U0000018,C0000016,2024-01-25 01:53:49,laptop,206,46.74,False,Argentina
e6ff5ad6-861d-42bd-adb0-9bbae8e75b6e,U0000048,C0000088,2027-07-14 20:05:37,desktop,103,20.62,False,Canada
f7084994-fe41-4fe9-828b-2e75969410fb,U0000026,C0000083,2026-06-27 04:05:57,frige,17,3.16,False,Spain
18b89c87-b935-44ed-b2ba-a4d755951a4e,U0000007,C0000022,2027-03-21 13:52:46,Wii,119,5.23,False,Paraguay
3418fa6e-02f1-4087-916b-45640ef5c553,U0000055,C0000023,2025-12-25 06:58:11,desktop,175,3.92,False,Peru
275b4141-c6cb-4f1d-a9b5-b719b80550ed,U0000005,C0000079,2027-06-22 19:15:41,desktop,39,45.16,False,Paraguay
23061ca2-e787-4469-864c-e1da818d8ed2,U0000062,C0000008,2024-06-28 08:24:08,Wii,141,41.79,False,Colombia
85dfedcb-4e08-4d60-89dc-0d4739cb6878,U0000068,C0000032,2027-07-15 17:50:01,Wii,205,64.62,False,Guatemala
bbfdf2e5-c3db-4536-985f-0a33392f60a4,U0000063,C0000045,2027-03-04 16:20:24,desktop,201,48.49,False,Brazil
c54c7ebf-9dc5-4b66-a4cb-de1c430b484f,U0000029,C0000004,2028-07-18 08:03:51,nintendo 3ds,153,3.58,False,El Salvador
b67bb8df-21e7-4b27-9512-824edfc7f26d,U0000030,C0000021,2024-07-24 07:42:15,desktop,150,36.39,False,Nicaragua
8b373170-28e5-4a0d-9242-7d624712d5fc,U0000095,C0000008,2028-04-13 07:36:54,Wii,235,81.81,False,Guatemala
6a4433c7-816c-49b5-abbd-777435ddc3cd,U0000023,C0000023,2025-04-29 18:20:51,frige,217,93.59,True,Costa Rica
439fc245-efff-4222-a25d-28f76531caf0,U0000046,C0000073,2027-02-28 04:36:12,nintendo 3ds,180,3.79,False,Nicaragua
3b7f26df-15d8-484c-8409-dc1ddb5c66e3,U0000005,C0000012,2024-04-25 07:38:14,mobile,126,31.6,False,El Salvador
e99a0934-14a2-493f-8c8c-6827333ba48d,U0000079,C0000026,2028-07-09 04:21:45,tablet,85,48.32,False,Ecuador
452b108e-507a-4024-a27b-8542ee1c91bb,U0000076,C0000091,2024-10-17 03:54:33,frige,38,6.9,False,Canada
3ad18f83-959d-4174-8f23-9e7ac55b1eaf,U0000051,C0000076,2024-07-25 10:19:20,tablet,170,37.99,False,Brazil
a9449319-cbcb-4434-9ea9-b2370b7ce503,U0000082,C0000063,2027-08-22 10:11:45,frige,112,73.5,False,Chile
52ae0cf9-5ecd-4ba5-84fb-6a23efeeb636,U0000023,C0000049,2025-09-20 23:44:18,tablet,209,66.89,False,Brazil
3113c798-1d74-4a77-a7f6-05a6e175d2af,U0000074,C0000051,2028-10-08 18:02:11,frige,180,73.15,False,Panama
b8904279-ed84-4deb-b7f0-8ed3eb19946a,U0000014,C0000064,2024-10-15 10:47:04,laptop,145,22.87,False,Guatemala
f5607634-effb-4d6f-9f95-6c2af0e72a06,U0000082,C0000012,2028-08-09 22:42:40,frige,43,98.26,True,Honduras
a5b047b1-ff0a-4a75-a730-9c8e1e69f67e,U0000032,C0000089,2024-05-18 11:16:50,smart_tv,54,2.13,False,Mexico
f05c88c4-7d58-4640-b185-b7e2b3b3af85,U0000094,C0000054,2024-12-06 13:31:56,Wii,113,5.77,False,Guatemala
822746b4-5d68-4890-a0c5-3864977dc629,U0000062,C0000074,2027-08-26 21:14:10,nintendo 3ds,26,55.06,False,Canada
b096ff79-5331-4497-a0c4-f99ce3a9587e,U0000038,C0000003,2025-10-14 08:06:04,frige,9,80.12,False,Brazil
4c339eef-4ea6-4e6a-bc0f-960337c4381f,U0000094,C0000010,2027-01-25 02:21:38,nintendo 3ds,42,88.91,False,Mexico
1dcca13e-9299-4db8-93c2-3ce0957a7291,U0000022,C0000078,2028-12-27 13:10:03,smart_tv,168,43.7,False,Ecuador
f306358c-9456-41f6-9ede-eb899e59e847,U0000053,C0000090,2027-02-08 23:59:46,desktop,49,21.35,False,Venezuela
22667808-7c75-46ce-acfb-e00956b2d4f8,U0000007,C0000051,2027-03-16 17:53:31,tablet,25,30.44,False,USA
1be5e833-be74-4188-8e76-04174b7048ab,U0000012,C0000038,2028-08-14 21:40:38,nintendo 3ds,110,36.72,False,Colombia
a91cdde5-798d-4815-a4f5-39c1f81aee7e,U0000022,C0000082,2025-08-20 02:30:54,smart_tv,53,10.6,False,Venezuela
3316077a-b238-41db-a8b9-617ec8acbbcf,U0000063,C0000085,2025-06-26 02:41:34,Wii,121,78.7,False,Brazil
ed2ac78a-9e2d-4707-94b5-e79d07160beb,U0000048,C0000024,2026-07-01 01:16:28,nintendo 3ds,98,37.73,False,Peru
e4d4226c-1c84-49e8-819d-eb7ceb4cbd84,U0000073,C0000008,2024-11-05 22:42:06,smart_tv,69,23.4,False,Guatemala
5abada56-36e9-484c-af92-ba19a6af00af,U0000097,C0000076,2025-04-10 17:03:53,Wii,106,81.01,False,El Salvador
f54d3ae7-7b1a-4875-8a58-b916989d8031,U0000088,C0000061,2027-03-18 07:30:19,smart_tv,138,42.44,False,Cuba
45fb081f-8736-44c0-8d2a-3e88e128c7b1,U0000005,C0000065,2027-03-15 16:51:36,tablet,183,90.37,True,Spain
25d4d233-2658-4071-9341-b4728d30df86,U0000023,C0000022,2025-03-09 06:08:02,Wii,115,94.98,True,Canada
4dd8dcad-744a-417d-a400-ec02f8296e20,U0000026,C0000081,2024-10-29 19:16:20,smart_tv,112,98.84,True,Canada
8b941ec7-b798-49a1-9dae-0b6cc4cfca82,U0000071,C0000042,2028-10-20 08:33:29,mobile,102,39.42,False,Panama
23c2b56d-2292-482f-952c-32f96210094c,U0000054,C0000015,2026-04-28 04:09:36,smart_tv,201,59.17,False,Spain
38090027-3fde-4408-9e99-4cbaaa4f90be,U0000037,C0000069,2028-12-07 11:56:26,desktop,26,56.71,False,Cuba
f6e2ba9f-1229-474d-ae92-50a3775b804a,U0000078,C0000061,2024-03-17 05:17:25,tablet,147,65.82,False,Panama
5de940cc-925e-48bc-83ea-cc4d33c8dd6d,U0000052,C0000005,2026-03-21 10:44:15,mobile,178,61.26,False,Paraguay
e3fd4f4e-14e6-411e-8595-76d70c9e5700,U0000048,C0000003,2025-11-22 09:19:17,nintendo 3ds,230,92.16,True,Spain
07761ffe-9011-449a-b271-57b89da44410,U0000018,C0000039,2028-03-03 14:49:52,frige,59,97.28,True,Peru
17430484-8a9a-4d22-a161-435beeaa684a,U0000083,C0000012,2025-01-19 14:13:58,Wii,155,73.15,False,Paraguay
eb67daa7-1d97-4520-9981-f17924e931da,U0000048,C0000008,2026-11-21 05:04:19,Wii,223,76.19,False,Argentina
ac74ad3d-0df6-4932-8801-af56c3c07e8f,U0000073,C0000004,2024-12-21 06:56:53,laptop,135,78.27,False,USA
f8ed936f-a1fa-4a36-bb63-7351d605e18b,U0000007,C0000047,2027-12-14 06:17:23,nintendo 3ds,117,25.7,False,El Salvador
8152e0e7-f2a5-4a52-8f7a-3ef1d0a8a841,U0000016,C0000088,2024-03-03 07:23:31,nintendo 3ds,237,40.3,False,Brazil
45d62b03-f6bb-46c2-b117-c62390609389,U0000076,C0000071,2025-12-17 11:10:53,desktop,122,96.09,True,Canada
f55a0185-b15e-4891-8771-091bf2edd9d7,U0000007,C0000021,2028-10-14 18:49:13,laptop,99,29.22,False,Chile
84a08375-b9d1-4ae7-86b4-3eeee74abd67,U0000084,C0000053,2026-11-17 00:55:49,mobile,69,68.09,False,Paraguay
dbef14db-5de5-4d35-ab7d-0dee7c747109,U0000023,C0000077,2028-06-28 00:14:16,desktop,166,91.24,True,Peru
9c6879df-a172-4595-901d-c81750ff0d8a,U0000045,C0000059,2025-05-31 06:29:19,Wii,97,42.96,False,Costa Rica
1ff5391f-f224-45d9-9f12-a69a45c35949,U0000085,C0000048,2027-02-23 20:38:38,desktop,131,11.13,False,Venezuela
a77814a0-628c-479c-bfe9-11e5055fb920,U0000009,C0000044,2025-07-20 20:20:55,desktop,124,68.76,False,Peru
f5d88511-cf80-4f13-b3f3-8fda0fdfc18d,U0000084,C0000039,2025-01-20 04:33:48,laptop,229,65.96,False,USA
03396fb3-ea08-471e-b0c4-81325ddf6771,U0000077,C0000052,2027-09-14 10:43:08,mobile,206,80.74,False,Paraguay
aaebeb68-b20f-4ca6-97ca-17f62ce4b2a9,U0000054,C0000052,2026-03-06 23:02:37,laptop,67,99.75,True,Ecuador
73bdf155-b18d-4db0-b9fc-5332b5c2416a,U0000088,C0000069,2027-07-31 15:58:42,frige,57,72.93,False,El Salvador
8c8597b2-38ab-47da-ae3b-2e8256869563,U0000085,C0000072,2025-01-05 09:06:30,tablet,44,30.72,False,Peru
b1036dd7-42d1-4697-b0ab-9af323a2815d,U0000098,C0000024,2027-10-24 10:41:05,laptop,144,72.79,False,Guatemala
10d2fadb-94d4-440a-b8dd-ea609ae5bc00,U0000040,C0000054,2028-06-02 10:23:16,desktop,224,23.11,False,Honduras
2c18c2f2-fe00-4d9e-9d05-25ac9a56c7a0,U0000007,C0000082,2027-04-10 18:39:04,nintendo 3ds,121,85.27,False,Colombia
546cea6c-4d20-4cce-9631-b652899aceb7,U0000088,C0000049,2026-12-21 09:26:03,tablet,223,50.55,False,Argentina
19000b03-c15b-4780-9571-ef0a2e1c6ec1,U0000053,C0000073,2026-07-26 04:20:55,tablet,88,99.24,True,Canada
f2f1797b-5961-446c-b15d-35d97e663588,U0000023,C0000041,2027-07-23 01:00:28,desktop,162,49.27,False,Colombia
ee013ea4-409d-47d4-bccb-57a9ca140d72,U0000074,C0000098,2024-11-20 15:50:48,smart_tv,44,76.36,False,Argentina
4ebc93af-8783-444b-a743-6ab996aed658,U0000055,C0000052,2026-05-28 15:24:00,mobile,163,61.83,False,Nicaragua
2ecefc41-f251-46ab-bb25-e74f44f9a203,U0000002,C0000042,2028-03-30 16:12:01,mobile,96,20.74,False,Chile
bbea8733-4afd-4752-9bc5-c215169af2d6,U0000045,C0000040,2024-09-21 03:24:32,desktop,225,23.4,False,Brazil
f427fe39-59b3-48aa-8698-9ab8606aa671,U0000039,C0000038,2026-07-22 23:33:38,frige,12,7.46,False,Bolivia
bfc019e7-a9b0-4d12-abb9-fd6119cb3a9c,U0000044,C0000063,2026-01-05 06:10:58,Wii,35,88.91,False,Mexico
855e87ce-e4ed-474e-bc6c-7c3dca977014,U0000017,C0000028,2028-02-12 00:37:32,tablet,187,23.61,False,Spain
dea4b190-685c-4ecb-ad99-3d43383e6eef,U0000005,C0000049,2028-11-30 20:16:49,mobile,167,37.29,False,Panama
fa7a0b09-2dfb-4ee4-bad8-c84740576d63,U0000014,C0000084,2028-09-08 00:03:44,smart_tv,170,99.47,True,Bolivia
1dcf2931-0e52-4352-b7a0-2b527bd821b4,U0000071,C0000033,2026-08-29 22:09:13,mobile,32,44.99,False,Venezuela
58526876-3f3d-413a-834a-0035761e45e1,U0000085,C0000067,2025-07-06 19:38:44,tablet,26,42.67,False,Bolivia
584b535c-f9c5-46b2-9093-6e7d252e46dd,U0000066,C0000093,2027-06-19 03:18:07,smart_tv,27,83.23,False,Paraguay
62cead92-6627-4660-a7c7-7d39bc0b630f,U0000100,C0000034,2028-08-29 16:12:22,Wii,52,20.67,False,Venezuela
cb4b1750-57f0-4a59-84c7-6dad0417a8a3,U0000064,C0000027,2027-11-10 15:21:15,mobile,141,16.88,False,Mexico
12f139d7-aa2e-4e18-9240-6f00c3e557d4,U0000015,C0000074,2027-10-02 15:09:05,smart_tv,233,67.49,False,Spain
242065af-b2fb-4703-b7f8-2b405ecf8df7,U0000030,C0000059,2025-08-29 08:29:03,smart_tv,165,90.57,True,Brazil
5c3ba177-f37c-4f16-93da-e4ba72b5cf8b,U0000038,C0000047,2028-06-29 21:20:27,smart_tv,219,87.54,False,Spain
d89c6968-e6cd-46cd-a42e-475aed0c7cea,U0000006,C0000002,2028-10-10 04:42:41,tablet,228,85.27,False,Ecuador
52cf8f2a-06e6-4c5c-9f6f-a8d2571c6942,U0000080,C0000035,2028-12-04 23:05:23,frige,113,36.4,False,Brazil
dce9bc90-530f-4fef-a0ea-ff5847ad62aa,U0000059,C0000035,2028-09-07 12:44:54,nintendo 3ds,103,12.27,False,Bolivia
56c4b148-2b64-498f-8f2a-54ee77516eea,U0000022,C0000015,2024-09-28 22:46:03,tablet,205,65.24,False,Spain
ff265780-6a4e-463e-91b7-7115c7fb877e,U0000062,C0000073,2027-10-21 14:11:39,Wii,152,42.19,False,Guatemala
fb7b6778-9062-4f9a-946f-0d0b5325120e,U0000088,C0000094,2028-12-31 04:30:58,nintendo 3ds,221,61.52,False,Spain
35590661-bc6a-4d3e-80b9-d7e177112b02,U0000006,C0000009,2025-06-19 20:20:00,laptop,113,88.87,False,Ecuador
63cfa980-ccb7-4014-a93a-61fd575c0466,U0000090,C0000080,2024-07-14 13:42:46,laptop,177,52.39,False,Paraguay
aba09767-c9a9-43c3-b938-d1e8510c0fa4,U0000083,C0000050,2024-10-31 17:57:39,mobile,174,35.23,False,Mexico
629b68f5-b31d-45dc-a189-3d5922ecd2b7,U0000065,C0000061,2028-10-10 15:55:10,smart_tv,41,64.7,False,Paraguay
8024ca31-9581-48eb-83fc-a1b380e1221a,U0000036,C0000007,2026-11-04 07:35:41,Wii,85,32.74,False,Cuba
40c3527c-c55a-4754-a234-ee9586ae7134,U0000059,C0000057,2028-06-28 18:28:05,nintendo 3ds,21,81.89,False,Honduras
57b6283d-5c96-4520-9538-5e1c0898fd28,U0000096,C0000084,2024-02-06 03:25:26,mobile,128,32.29,False,Nicaragua
badff0ff-dc6a-4fc6-b874-52e2fb6082d5,U0000012,C0000078,2027-06-21 20:19:56,laptop,212,55.36,False,Honduras
18088ec4-c63c-443d-bf02-2244760183d3,U0000007,C0000029,2028-09-25 14:21:35,nintendo 3ds,94,95.09,True,Guatemala
0e21e5c2-9681-4116-80eb-addaf7eb0485,U0000013,C0000098,2027-09-11 07:00:21,frige,30,71.88,False,Venezuela
20d1b685-9e23-44ef-98e7-e22feae6a55b,U0000090,C0000014,2024-04-03 05:31:08,Wii,96,55.22,False,Spain
ea34dea3-cdd2-48cc-8b6f-60e8f7c0b790,U0000025,C0000016,2028-10-11 12:13:29,laptop,51,26.17,False,Ecuador
f53e9db1-404e-436d-a21d-f5a4bee5c55a,U0000006,C0000082,2028-09-11 21:37:07,nintendo 3ds,107,11.67,False,Honduras
afda168b-039b-42eb-812d-8b5301a2bea1,U0000018,C0000064,2024-01-09 16:47:03,Wii,130,66.19,False,Costa Rica
0dd88b17-b7ba-4372-a9cb-0ad40f4c1188,U0000100,C0000023,2027-11-17 18:11:46,tablet,131,48.81,False,Spain
8828833c-ca9f-4cac-baf1-c39b68a4ba2c,U0000078,C0000042,2026-10-29 12:26:38,laptop,154,39.35,False,Peru
dbde859c-cb86-4c0f-9060-4110782f5bba,U0000038,C0000058,2028-07-06 04:08:26,desktop,88,40.39,False,Nicaragua
96ac96aa-eff2-4887-802e-97fbd96bb830,U0000095,C0000071,2027-07-19 06:12:13,desktop,183,86.21,False,Guatemala
5fe7e0c1-c6d5-4f32-8f7a-4eb52c0a9d14,U0000091,C0000084,2024-12-30 16:34:44,frige,34,92.2,True,Spain
94d1aca8-ec6e-431a-8f21-4b2b6850ee98,U0000062,C0000075,2027-03-14 21:45:26,desktop,144,76.32,False,Bolivia
e38b7122-843f-4b80-ac9c-87103e6dc80e,U0000014,C0000004,2026-02-19 04:03:42,mobile,134,81.02,False,Colombia
01b770f9-46f5-4785-aea6-add6b9d26ba3,U0000021,C0000037,2027-10-31 08:09:53,mobile,202,27.43,False,Venezuela
8c373361-7336-4112-8495-ae88d7a0c5c4,U0000005,C0000046,2028-07-25 14:06:39,laptop,139,21.2,False,Nicaragua
7665a39b-b582-4ecd-a06d-9131fd358df0,U0000090,C0000037,2027-11-20 21:03:59,Wii,131,39.5,False,Cuba
b2f6e5e6-605b-4860-882f-c0fee3da8c53,U0000088,C0000041,2027-02-04 01:00:47,desktop,202,42.24,False,Colombia
cb52b299-b38d-4fb9-bced-147eeaaf54a5,U0000057,C0000029,2027-07-21 22:45:41,frige,200,62.44,False,Costa Rica
c5cb3af3-f4d7-476c-b586-2dac692a49cd,U0000026,C0000100,2028-01-24 06:18:28,tablet,155,55.11,False,Canada
d9815de2-8814-4998-93b0-fd364a6a79f1,U0000095,C0000066,2024-09-01 12:02:27,desktop,45,19.51,False,Nicaragua
50b97e66-274f-40ed-a746-e7e2321698c3,U0000075,C0000033,2024-01-12 10:29:45,tablet,42,27.16,False,USA
d003c17a-54f4-417f-808e-91d77a426a95,U0000077,C0000007,2028-05-03 20:39:53,desktop,83,16.22,False,Paraguay
74f32014-3d98-4cd7-af7b-ffc622d3ba93,U0000046,C0000010,2028-05-24 22:20:33,laptop,141,79.2,False,Brazil
024445f8-9cf4-4f4f-bf52-0272b5966426,U0000065,C0000021,2026-05-01 17:34:25,smart_tv,202,52.54,False,Guatemala
d0dcd1a3-01d0-4ac2-ab46-2edd589759e8,U0000085,C0000043,2025-11-09 11:18:13,nintendo 3ds,55,22.9,False,Nicaragua
1d92a640-527e-48a8-81e6-86c916a65655,U0000002,C0000015,2027-10-01 11:28:15,laptop,167,82.55,False,USA
7c59c19c-9f8f-46d1-9d20-f08285fb487e,U0000049,C0000015,2026-03-01 08:34:46,desktop,83,68.57,False,Mexico
e7ed416f-f14d-427a-8ee9-67e6715ed0ac,U0000099,C0000048,2026-11-19 16:28:31,mobile,211,91.22,True,Venezuela
f5632bf6-c405-4948-a71d-b2324cb6ac23,U0000042,C0000066,2024-06-17 03:10:49,mobile,50,89.93,False,Canada
d335a578-d9db-4fb4-a158-3795d95b10e6,U0000100,C0000028,2028-11-06 21:27:53,smart_tv,162,21.87,False,Colombia
7c3fa7cc-9873-49fe-bb51-bf7b6e93d5e7,U0000095,C0000100,2026-06-10 20:52:04,tablet,180,54.24,False,Mexico
